{
  "id": "b1c2d3e4-f567-8901-2345-abcdef678901",
  "name": "Practice API Environment",
  "values": [
    {
      "key": "baseUrl",
      "value": "https://api.practicesoftwaretesting.com",
      "enabled": true
    },
    {
      "key": "authToken",
      "value": "",
      "enabled": true
    },
    {
      "key": "productId",
      "value": "",
      "enabled": true
    },
    {
      "key": "productName",
      "value": "",
      "enabled": true
    }
  ],
  "_postman_variable_scope": "environment",
  "_postman_exported_at": "2025-08-16T20:30:00Z",
  "_postman_exported_using": "Postman/11.0.0"
}