{
  "info": {
    "name": "Practice Software Testing API - Scenarios with Scripts",
    "schema": "https://schema.getpostman.com/json/collection/v2.1.0/collection.json"
  },
  "item": [
    {
      "name": "Auth - Login (Valid)",
      "request": {
        "method": "POST",
        "header": [
          {
            "key": "Content-Type",
            "value": "application/json"
          }
        ],
        "body": {
          "mode": "raw",
          "raw": "{\"username\": \"testuser\", \"password\": \"testpass\"}"
        },
        "url": {
          "raw": "{{baseUrl}}/auth/login",
          "host": [
            "{{baseUrl}}"
          ],
          "path": [
            "auth",
            "login"
          ]
        }
      },
      "event": [
        {
          "listen": "prerequest",
          "script": {
            "exec": [
              "pm.variables.set(\"now\", new Date().toISOString());"
            ]
          }
        },
        {
          "listen": "test",
          "script": {
            "exec": [
              "pm.test(\"Status code is 200\", function () { pm.response.to.have.status(200); });",
              "var json = pm.response.json();",
              "pm.expect(json).to.have.property(\"token\");",
              "pm.environment.set(\"authToken\", json.token);"
            ]
          }
        }
      ]
    },
    {
      "name": "Auth - Login (Invalid Password)",
      "request": {
        "method": "POST",
        "header": [
          {
            "key": "Content-Type",
            "value": "application/json"
          }
        ],
        "body": {
          "mode": "raw",
          "raw": "{\"username\": \"testuser\", \"password\": \"wrongpass123\"}"
        },
        "url": {
          "raw": "{{baseUrl}}/auth/login",
          "host": [
            "{{baseUrl}}"
          ],
          "path": [
            "auth",
            "login"
          ]
        }
      },
      "event": [
        {
          "listen": "test",
          "script": {
            "exec": [
              "pm.test(\"Should fail with 401\", function () { pm.response.to.have.status(401); });"
            ]
          }
        }
      ]
    },
    {
      "name": "Products - Get All",
      "request": {
        "method": "GET",
        "url": {
          "raw": "{{baseUrl}}/products",
          "host": [
            "{{baseUrl}}"
          ],
          "path": [
            "products"
          ]
        },
        "header": [
          {
            "key": "Authorization",
            "value": "Bearer {{authToken}}"
          }
        ]
      },
      "event": [
        {
          "listen": "test",
          "script": {
            "exec": [
              "pm.test(\"Status 200\", function () { pm.response.to.have.status(200); });",
              "var data = pm.response.json();",
              "pm.expect(data).to.have.property(\"items\");"
            ]
          }
        }
      ]
    },
    {
      "name": "Products - Create (Valid)",
      "request": {
        "method": "POST",
        "header": [
          {
            "key": "Content-Type",
            "value": "application/json"
          },
          {
            "key": "Authorization",
            "value": "Bearer {{authToken}}"
          }
        ],
        "body": {
          "mode": "raw",
          "raw": "{\"name\": \"{{productName}}\", \"price\": 10.5}"
        },
        "url": {
          "raw": "{{baseUrl}}/products",
          "host": [
            "{{baseUrl}}"
          ],
          "path": [
            "products"
          ]
        }
      },
      "event": [
        {
          "listen": "prerequest",
          "script": {
            "exec": [
              "pm.variables.set(\"productName\", \"TestProduct-\" + Math.floor(Math.random() * 1000));"
            ]
          }
        },
        {
          "listen": "test",
          "script": {
            "exec": [
              "pm.test(\"Status 201 Created\", function () { pm.response.to.have.status(201); });",
              "var json = pm.response.json();",
              "pm.expect(json).to.have.property(\"id\");",
              "pm.environment.set(\"productId\", json.id);"
            ]
          }
        }
      ]
    },
    {
      "name": "Products - Create (No Token)",
      "request": {
        "method": "POST",
        "header": [
          {
            "key": "Content-Type",
            "value": "application/json"
          }
        ],
        "body": {
          "mode": "raw",
          "raw": "{\"name\": \"NoAuthProduct\", \"price\": 5}"
        },
        "url": {
          "raw": "{{baseUrl}}/products",
          "host": [
            "{{baseUrl}}"
          ],
          "path": [
            "products"
          ]
        }
      },
      "event": [
        {
          "listen": "test",
          "script": {
            "exec": [
              "pm.test(\"Should return 401 Unauthorized\", function () { pm.response.to.have.status(401); });"
            ]
          }
        }
      ]
    },
    {
      "name": "Orders - Create (Valid)",
      "request": {
        "method": "POST",
        "header": [
          {
            "key": "Content-Type",
            "value": "application/json"
          },
          {
            "key": "Authorization",
            "value": "Bearer {{authToken}}"
          }
        ],
        "body": {
          "mode": "raw",
          "raw": "{\"productId\": \"{{productId}}\", \"quantity\": 2}"
        },
        "url": {
          "raw": "{{baseUrl}}/orders",
          "host": [
            "{{baseUrl}}"
          ],
          "path": [
            "orders"
          ]
        }
      },
      "event": [
        {
          "listen": "test",
          "script": {
            "exec": [
              "pm.test(\"Order created successfully\", function () { pm.response.to.have.status(201); });"
            ]
          }
        }
      ]
    },
    {
      "name": "Orders - Create (Invalid Product ID)",
      "request": {
        "method": "POST",
        "header": [
          {
            "key": "Content-Type",
            "value": "application/json"
          },
          {
            "key": "Authorization",
            "value": "Bearer {{authToken}}"
          }
        ],
        "body": {
          "mode": "raw",
          "raw": "{\"productId\": 999999, \"quantity\": 1}"
        },
        "url": {
          "raw": "{{baseUrl}}/orders",
          "host": [
            "{{baseUrl}}"
          ],
          "path": [
            "orders"
          ]
        }
      },
      "event": [
        {
          "listen": "test",
          "script": {
            "exec": [
              "pm.test(\"Should fail with 400 or 404\", function () { pm.expect([400,404]).to.include(pm.response.code); });"
            ]
          }
        }
      ]
    }
  ]
}